id,firstname,surname,email
1,Paul,Gries,paul.gries@utoronto.ca
2,Jane,Baker,jane@baker.com
3,Kelly,Watts,kelly@watts.com
4,Alex,Morrison,alex.morrison@utoronto.ca
5,Amin,Gillani,amin.gillani@utoronto.ca
6,Jacqueline,Smith,j.smith@utoronto.ca
7,Hao,Fan,hao@mail.ca
8,Lucas,Zhou,lucas@mail.ca
9,Jane,Doe,jane@doe.com
10,John,Doe,john@doe.com
11,Ken,Doe,ken@doe.com